Metric,Value,precision,recall,f1-score,support
Best Parameters,"{'C': 1, 'gamma': 'scale', 'kernel': 'rbf'}",,,,
Best Cross-Validation Accuracy,0.8702380952380953,,,,
Test Accuracy,0.8670360110803325,,,,
0,,0.89419795221843,0.9390681003584229,0.916083916083916,279.0
1,,0.75,0.6219512195121951,0.6799999999999999,82.0
accuracy,,0.8670360110803325,0.8670360110803325,0.8670360110803325,0.8670360110803325
macro avg,,0.822098976109215,0.780509659935309,0.798041958041958,361.0
weighted avg,,0.8614438467283712,0.8670360110803325,0.8624582066133313,361.0
