Principal Component,Explained Variance Ratio
PC1,0.4064388116407051
PC2,0.07000790613625844
PC3,0.06455483026839186
PC4,0.056842426115717035
PC5,0.042798520042321424
PC6,0.03681783554437178
PC7,0.0232838551339456
PC8,0.019627876739389084
PC9,0.01918123879679868
PC10,0.01654630608132169
