Metric,Value,precision,recall,f1-score,support
Best Parameters,"{'C': 10, 'gamma': 'scale', 'kernel': 'linear'}",,,,
Best Cross-Validation Accuracy,0.8511904761904763,,,,
Test Accuracy,0.8393351800554016,,,,
0,,0.8646864686468647,0.9390681003584229,0.9003436426116839,279.0
1,,0.7068965517241379,0.5,0.5857142857142857,82.0
accuracy,,0.8393351800554016,0.8393351800554016,0.8393351800554016,0.8393351800554016
macro avg,,0.7857915101855013,0.7195340501792115,0.7430289641629848,361.0
weighted avg,,0.8288449916727274,0.8393351800554016,0.8288765864743247,361.0
