Metric,Value,precision,recall,f1-score,support
Best Parameters,"{'C': 0.1, 'gamma': 'scale', 'kernel': 'linear'}",,,,
Best Cross-Validation Accuracy,0.8690476190476192,,,,
Test Accuracy,0.8836565096952909,,,,
0,,0.9100346020761245,0.942652329749104,0.926056338028169,279.0
1,,0.7777777777777778,0.6829268292682927,0.7272727272727273,82.0
accuracy,,0.8836565096952909,0.8836565096952909,0.8836565096952909,0.8836565096952909
macro avg,,0.8439061899269511,0.8127895795086983,0.8266645326504481,361.0
weighted avg,,0.8799928857535083,0.8836565096952909,0.8809032740892597,361.0
