Cross-Validation Scores,Mean CV Accuracy,Test Accuracy
"[0.8452380952380952, 0.8452380952380952, 0.8154761904761905, 0.8392857142857143, 0.8571428571428571]",0.8404761904761905,0.8393351800554016
